RNAseq_sampleID,Condition,Line,Study_part,Passage,Days_grown_Udays,Treatments,Clinical_condition,ABC transporters,Amidoxime reducing complex,Amino acid metabolism,Apoptosis,Autophagy,Biotin utilizing proteins,Branched-chain amino acid dehydrogenase complex,Branched-chain amino acid metabolism,CI assembly factors,CI subunits,CII assembly factors,CII subunits,CIII assembly factors,CIII subunits,CIV assembly factors,CIV subunits,CV assembly factors,CV subunits,Calcium cycle,Calcium homeostasis,Calcium uniporter,Carbohydrate metabolism,Cardiolipin synthesis,Carnitine shuttle,Carnitine synthesis and transport,Catechol metabolism,Chaperones,"Cholesterol, bile acid, steroid synthesis",Cholesterol-associated,Choline and betaine metabolism,Coenzyme A metabolism,Coenzyme Q metabolism,Complex I,Complex II,Complex III,Complex IV,Complex V,Copper metabolism,Creatine metabolism,Cristae formation,Cytochrome C,Cytochromes,Detoxification,EF hand proteins,Eicosanoid metabolism,Electron carriers,Fatty acid oxidation,Fe-S cluster biosynthesis,Fe-S-containing proteins,Fission,Folate and 1-C metabolism,Fusion,GABA metabolism,Gluconeogenesis,Glutamate metabolism,Glycerol phosphate shuttle,Glycine cleavage system,Glycine metabolism,Glyoxylate metabolism,Heme synthesis and processing,Heme-containing proteins,Immune response,Import motor,Intramitochondrial membrane interactions,Iron homeostasis,Itaconate metabolism,Ketone metabolism,Kynurenine metabolism,Lipid metabolism,Lipoate insertion,Lysine metabolism,MIA40,MICOS complex,Malate-aspartate shuttle,Metabolism,Metals and cofactors,Mitochondrial central dogma,Mitochondrial dynamics and surveillance,Mitochondrial permeability transition pore,Mitochondrial ribosome,Mitochondrial ribosome assembly,Mitophagy,Molybdenum cofactor synthesis and proteins,NAD biosynthesis and metabolism,Nucleotide import,Nucleotide metabolism,Nucleotide synthesis and processing,OXA,OXPHOS,OXPHOS assembly factors,OXPHOS subunits,Organelle contact sites,Phospholipid metabolism,Polycistronic mtRNA processing,Preprotein cleavage,Proline metabolism,Propanoate metabolism,Proteases,Protein homeostasis,Protein import and sorting,"Protein import, sorting and homeostasis",Pyruvate metabolism,"Q-linked reactions, other",ROS and glutathione metabolism,Respirasome assembly,SAM,SLC25A family,Selenoproteins,Serine metabolism,Sideroflexins,Signaling,Small molecule transport,Sulfur metabolism,TCA cycle,TCA-associated,TIM22 carrier pathway,TIM23 presequence pathway,TOM,Tetrahydrobiopterin synthesis,Trafficking,Transcription,Translation,Translation factors,Type II fatty acid synthesis,Urea cycle,Vitamin A metabolism,Vitamin B1 metabolism,Vitamin B12 metabolism,Vitamin B2 metabolism,Vitamin B6 metabolism,Vitamin C metabolism,Vitamin D metabolism,Vitamin metabolism,Xenobiotic metabolism,cAMP-PKA signaling,fMet processing,mt-mRNA modifications,mt-rRNA modifications,mt-tRNA modifications,mt-tRNA synthetases,mtDNA maintenance,mtDNA modifications,mtDNA nucleoid,mtDNA repair,mtDNA replication,mtDNA stability and decay,mtRNA granules,mtRNA metabolism,mtRNA stability and decay
Sample_21,Control,hFB12,2,6,21.21,Control,Normal,0.9109846234306266,0.8762874843659355,1.0103300594598619,0.8502036016928419,0.8509188831433566,0.9922894834434725,0.92085529971087,0.9412796558473924,1.0068705522146324,0.9825207830908682,1.0009059835118324,1.0456872748042962,0.9863193287426423,0.9582108378111808,0.9384443163887668,0.9995596128075426,0.8593178435976624,1.0498598067296365,1.0731532619271036,1.0469039089630103,0.9923641404336311,1.0657462536064282,1.0409943713497793,1.0164212753672264,1.0189676600552868,1.1444092635917453,1.0335021953974903,0.9756579289106075,1.46734994212262,0.9079742824199004,1.0257247994010241,0.9317649777838004,0.9828229013469961,1.040084925195635,0.9588251159282847,0.9984691285608529,1.0479352242209223,1.0815580861124539,1.0462601813144623,1.0423204032202262,1.1094426982424221,0.9595005866536778,0.8174270452012533,0.9345253852429329,0.995290551253535,0.9616490605746124,0.9799297140781191,0.9471740225279461,0.9966158042539512,0.9002289117132615,1.0236295609968247,0.9561350009758065,0.9265681967168468,1.096608246057625,1.0290119206407595,1.3890024198177946,0.9787360247247099,1.0385709433886052,1.0725129075373345,0.9227959571630967,0.9751318175921021,0.9913296024677895,1.0368945580451157,1.032113259150588,0.8157611878565105,1.0309665031635473,1.05852991667843,1.0757580687451251,0.9801565083194946,0.9582866884993805,1.0168349312241325,0.9329120817594163,1.0782312593185628,1.0723481896067726,0.9516175645583915,0.943772773760274,1.0268417090609558,0.8996823386058492,1.0848557736059317,1.0519061471862448,0.9664643459087979,0.8638699984624402,0.8961636379223162,0.9311177086780464,0.9198176713504121,0.9538694738484279,0.9743004329135154,0.9469144744823393,0.9941579771065169,0.9697286741897573,0.9945394023269067,0.9327548540578876,0.8557582044660716,0.9805095888666465,1.0234528987543965,1.0286588727365378,1.0340363725951007,0.9697896982490405,0.9993880057805141,1.0168118945311808,1.0074838948309262,0.9564475951609198,1.0211389213112256,0.785240683675962,0.9962882404593909,0.9540457634022564,0.9999103738968076,0.9381135446173008,1.117227472508945,1.000849243594964,1.0169843455075327,0.9901245219891555,0.9620616123166309,1.0938555035339999,1.0898314397128215,1.145460342556494,1.0912124652615043,1.0089425308512903,0.9925832372048676,0.917505114812967,1.0264020701177188,1.0249995287207554,1.011933846515105,0.9967631426654318,0.9665351555382423,0.7873824453388247,1.1812298099319685,0.9479773481589899,1.1096216930482343,0.976005293333865,0.9932180130627023,0.7709688871701357,0.9991352296427071,0.9090192007620738,0.9879944312747497,0.869657424325848,0.9575053364960782,1.0045614106049805,1.0201415766728896,1.041777228116042,1.099814584525481,1.1597686888727363,1.0618103142243545,1.1063816336139025,1.0918232353850228,1.0387019058948064,0.9919430154841806,0.990038621957051,0.9897696261573907
Sample_22,Control,hFB12,2,9,37.33,Control,Normal,0.9783290701885721,0.8601103523923709,1.007226821579227,0.8597889910385824,0.8819574792143654,1.047130199772205,1.0174994045226216,0.9618649368682589,1.0403339869385504,0.9716190597213257,1.0080293461253178,1.0110892535452616,1.0219652044684464,0.9808361646968318,0.9784050100181977,0.9997085389099901,0.9118638528468865,1.0443907059021942,1.0838863649182902,1.044215962465285,1.0116530380943938,1.0371098156999237,1.0016288589003468,0.902284651036151,0.9080759864306319,0.9935025720177488,1.0376154289773665,1.0002017146361064,1.2096167474854158,0.97498671248883,1.081015586439172,0.9656018768565499,0.9724718739477966,1.010705340597762,0.9817354702642102,0.9993282994963675,1.0430520518366608,1.0881596601844834,0.7687256332124054,1.0113071155868778,1.0346812882372978,0.9816237550283966,0.8630738962201989,0.9358334979150461,0.9830075044187296,0.983987467301544,0.9784651329549159,0.9821987158710912,0.985829801363143,0.9266918084650869,1.0101977867861136,0.9624356136495238,0.8940359672771592,1.052632309765608,1.0487230076471328,1.2058731507273701,1.0225627494761675,0.9848426314827989,1.0117366596647808,0.9605703971188628,0.9690253211818431,0.9910417260648571,1.068032329734918,1.0245327938690416,0.8776806998861872,1.024299856599386,0.9753620777877358,1.0466158053784531,0.9762868759203731,1.140191291585988,1.0347799272098186,1.00907867189637,1.02480486390647,1.0229124786482022,0.9592259786320273,0.9521640525867863,1.0217229564803838,0.9115868855626956,1.0562858666432438,1.0205218408616166,0.9870408580489083,0.8801905565325203,1.0010386300270644,0.8918432595934723,0.9555824151784316,0.9568106605804511,0.9608696798144417,0.9454353733815624,0.9913804731663918,0.9955429990088824,0.9912657693561916,0.942582552927665,0.8818776688364797,0.9966000761591068,1.0070566121186282,0.9910718360462273,0.9959103989641049,0.9875403858694226,1.005583092056473,1.009211990659536,1.010689635954744,0.9702546791514308,1.049436054203909,0.8409200423268307,0.9599634672538907,1.0052286611840529,1.0167987256592979,0.9705520472257333,1.0510493070454372,1.0685454403777246,1.0105320222477876,1.0186430597469915,0.9794872040866578,1.0457998384823015,1.0902990016344092,0.9499334001395138,1.0805915729567492,0.999933099712224,0.9875699886591137,0.9250943829294084,0.938900775228872,1.0155710999391743,1.003782093128391,1.0443306674341484,0.9428887624359577,0.8345195806394209,0.8058431229124713,0.938788940762642,1.2805185671692187,0.9737282280709131,0.9554923740743329,0.8325146995505246,1.0037121650091292,0.9201508232011887,0.9547807371720087,1.0274827861375049,0.9947271994118632,1.011122338735135,1.0247476109970381,1.0381340897648608,1.0929658775738316,1.156920962695755,1.0756165534997182,1.1184828522319545,1.1012040562075835,1.0698270906140688,1.0130969067235807,0.9986183734845466,1.0121639180982807
Sample_23,Control,hFB12,2,12,52.96,Control,Normal,1.0421866588303716,0.8927688138970479,1.0155976035906467,0.9665633072665604,0.9635144766530813,1.241801950337603,0.9902884642680623,1.002433607516771,1.052193501116472,0.9572675738406535,0.8993612215157569,1.0242431203912248,0.9702004162347442,0.9705008917100008,0.9405976350274747,1.0034395633436364,0.9954118044843608,0.9823877661094882,1.139290698391242,1.0756805577393074,1.0994990064377683,1.0074392207957357,1.0371454027627116,0.8513885125144091,0.8733098826464623,1.060346135387965,1.0215232929940883,1.0432996410800688,1.4834806821917657,0.920815223463193,0.915157736493141,0.9163587010419788,0.9584456587443466,1.0086207996827088,0.9704933749346755,1.0023183976776049,0.9825192361733357,1.1211611029389565,1.4319829606610508,0.972464063859524,0.9281506946033903,0.9706662938328119,0.8891729488518001,0.9770082440054264,1.116178666401832,0.9711482170404674,1.005428304522569,0.9758730681600583,0.9680952989699806,0.93718151548759,1.0244377696023519,0.9469964558498859,0.9182929432107015,1.0988502832574671,1.0424586482847968,1.0687226357585358,0.9214744606818691,1.005137583465741,0.9589298790181101,0.9896677536928447,1.0096146966565096,1.0160724961526189,0.9808476084636234,1.0119290899997633,1.1929135356409826,0.9506923689505425,1.0005901135104776,0.9228805223031707,1.0314814145805156,1.0365776532011013,1.0079025329573035,0.9827724878299862,0.9968104252991666,0.9323839034561631,1.031071722739153,1.0461580317584296,0.9971137097913388,0.9636877979073147,1.049928620813365,0.9992073688413864,0.9602966975683349,0.9485889236662228,1.1113198538583582,0.9971841147113663,1.0180592803997013,0.9211555456254537,0.8638669086847739,1.126604127684048,0.9807908239483142,0.9825456051515867,0.9807822179481476,0.9595457123976273,0.8614149838041101,0.9506608980157869,0.9895833085905725,0.9260070359280304,1.0904796239578691,0.9399134984290962,0.9783138910980411,0.9895262505700281,0.9800157599642942,0.9541771430063151,0.9845071812335742,0.8660108102290515,0.9596846929565169,1.0375775882351101,1.0465309492236092,0.9980112477311838,1.0409552051147684,0.9467887478379288,1.0439998093796699,1.0422968592181772,0.9256891459536288,1.003812796546243,1.0679902415811187,0.9479165034420715,0.9269645321506871,0.9663586058414236,0.938330899841372,0.9756269091333151,1.0041408957610045,0.9961748738461162,0.974513451558553,1.2004928761821663,0.8430356869044291,0.9106715923992549,0.8818281499541187,0.9816893808007827,0.928760722029187,1.000430157259758,1.0496629461621034,0.8549855792330329,1.0373543992194159,0.9475476244281654,0.9759864718199364,0.8995128263088399,1.0192255439645153,1.0305624788206724,0.9971147662665407,1.0272464754593438,1.0056813367079267,1.1981878205018819,1.0153943871981899,1.06826957645521,0.9971775782870909,0.8300653407862201,0.9880242838659636,0.9941795820008704,0.9746364460425034
Sample_24,Control,hFB12,2,15,68.08,Control,Normal,0.9015578864003266,0.9231715359340916,1.014606920224686,0.9412477433651057,0.9805392078318474,1.0803870940010036,0.9905998724609164,1.0101178432967561,1.060976031174648,0.9838431099732196,1.03121954499315,1.0649343733006162,0.9620908112634338,1.0255805058349639,1.0183048786478526,1.0426927732354405,0.9488822534163796,1.0389221304486427,1.1378815035515943,1.0539231620681977,1.1682767330769708,1.028805989846151,0.9893603550040039,0.8758025676756023,0.8830219055127636,0.9933821525572755,1.0378911436824276,0.9900367583624996,1.0957149294567783,0.9176095235693097,0.9485721743820259,0.9423366791502112,0.9848003094231622,1.0607157433646697,1.0241899434986943,1.042257553677559,1.0380126082551442,1.1264732478556716,0.7948090286989979,1.020894035644845,0.8536716894180268,1.0246989507503594,0.8875569184217535,0.9634125516440958,1.0191867891244977,1.0236031154291603,1.0034860159495467,0.9615735450787426,0.9970690985691395,0.9836213451353754,1.0264005030678103,0.9707114542833928,0.956946887158596,1.041145199706124,0.9798392889137947,0.9465064747286076,0.9535221824867514,0.9574974314447724,0.9156399891809406,0.973874159642059,1.042186721564781,1.0157567243045331,0.9744788618063428,1.0268795624784277,1.0300000983557553,1.0095797281940282,1.056587808361702,0.9274261263179813,0.9692611371553436,1.074752354154369,1.0571490237471441,1.1016032600729428,1.024470332325774,0.915813558269671,1.0191496966894227,1.0358152854589182,0.999760377464764,0.9692571716048967,1.015337222470244,0.9999238352762252,0.9860408744805482,0.9800711571605412,0.9961821705749474,0.9270013916447275,0.9620841738979432,0.9217071131188874,0.9042941809479269,1.1499172021588826,1.017608139681516,1.018176505225833,1.0175972201517771,0.9778261675933372,0.8339087163454206,0.9493765764553671,1.0643841197152806,1.0850296851441024,1.045455568764565,0.9960596907607979,1.0107081976997108,1.0155500066898553,1.0097334231002133,1.0407417332360398,0.9932827914181583,0.8519114172922898,0.9789330107049734,0.9786819214636991,1.029498994566145,0.9861645468308643,1.032705834163573,1.0620407210802403,1.034764094445713,1.041685988768477,0.9062580641441402,1.0400764532690998,1.0289082231658653,1.0539708674327413,1.001924119482336,0.9810000607527812,0.9622508162642383,0.9298381786482626,0.9715751793134414,1.0047267063159961,0.9965414520505734,1.080086235757453,1.0037881753811844,0.920182175524367,0.754510939509981,0.9604690482203726,1.1454636069579538,0.9127530110125038,1.0900120751171258,0.9358205442907263,1.016507434074311,0.972828892637204,0.9911347048789124,0.9619889448118399,0.9917401805570123,0.958928673182252,1.0292031235459098,1.0250630039579867,0.9743434955976527,0.8727304726987682,1.0098716642960441,0.9715085535747545,1.002398116497737,0.8624574130810612,0.9803073252308986,0.9891598290542623,1.0017249497398106
Sample_25,Control,hFB12,2,18,83.08,Control,Normal,1.0314049986186409,0.9372950483554064,1.0215799942333081,0.9951080642246867,1.0670641006393924,1.0739314514332545,0.9275210796551554,1.0166265593895576,1.011340464449808,1.0094352531056456,1.0097345937416509,1.0649036090378696,0.9978808158618455,1.1199806229032356,1.010649383445883,1.1313123466103558,0.9824121096202215,1.029340333548924,1.1115062424033166,1.0386948863010155,1.2795220105619014,0.9675544054823957,1.0217433294597704,0.8060689901242744,0.8323302196694575,0.9467534994463829,0.9734722365733092,1.0887837881031748,0.8595130195632517,0.971747535450084,0.9715160730974227,0.9803752823369424,1.00945876041014,1.058000405552543,1.117307686366713,1.129160004022237,1.0288662408301161,1.0538497670675961,1.1450047464348052,0.9584478650817562,0.8036745799969474,1.1176485540626977,0.8680124062617681,1.015336660814441,1.1241129026071863,1.11482346731309,1.0392023705187128,0.9763960685588239,0.982414331450156,0.9869618656310223,1.026308582963509,0.9189545688953762,1.0837316053724362,0.9601958404738946,0.9831757538592008,0.7899890771120698,0.9259006605477782,0.9303080913466077,0.8402747043549229,1.01802613877691,1.1623049228554738,1.0163284932442205,0.9974455634484469,1.092213872171963,1.097877841889047,0.9698029566169623,1.0467625085450039,0.7752834752509236,0.9057229416797201,1.1158389494931382,1.072394631646206,0.9234950391226209,0.9183513891365558,0.8195871987776616,1.0816018108489964,1.1342433569461,0.9708117158292938,1.0025703909402706,1.0124578754801865,0.9754504796916567,1.002645809228606,1.0444166353316926,1.0213256362696232,0.9857250566922556,0.9965711994029531,0.9500017153011733,0.9264816981409305,1.1027002962543273,1.0712458984239779,1.0080277109962503,1.0724050761860002,0.9922095808800188,0.7309880609015528,0.9370657539925978,1.0484599744707317,1.132056516588032,1.1930738995476007,1.0180488687049385,0.9951677709142975,0.9886858428325558,0.9878525031382296,1.018755959549745,1.0366158093618396,0.8415642947504098,0.9552265604669612,1.0676609356331763,1.0192076020896912,0.9342885901883755,0.9683538726435214,1.013721285877195,1.0220090048763801,1.0239000197997736,0.9303319180994398,0.981255619108397,0.9071794744999033,1.0697415135827253,0.9111077669131397,0.9448884520425055,0.831040915816057,1.0320165929162308,1.03098362713453,0.9765449066754847,0.9865443822416187,1.0692722838023425,1.0554240131156982,0.8214068965182646,0.9884468870680015,1.029072322146536,1.074957386027075,0.8456992222845184,1.069163404315428,1.0656145675872697,1.0243252785552561,0.9420119613650954,0.9937137315558972,0.9672296225739434,1.0144772491500444,0.9298539105197976,0.9716393118568831,0.9573601068213575,0.9497705315013746,1.051424539300467,0.9769300847158418,0.9241182099034919,0.9979586251337706,0.8315680048461518,0.9799650906174158,0.9747311688742137,0.995908785530137
Sample_26,Control,hFB12,2,21,98.08,Control,Normal,1.0720167536860905,0.9739568076643539,0.9982494614712606,1.0787458839934525,1.0715034029881434,0.9832229503226367,0.9448255766392591,1.0268310957936888,0.987096898829051,1.0065450143658858,1.086665361716204,0.9871637148069261,1.162886589949068,1.1693000384274876,1.0059256003834025,1.1340425819844626,0.9722318895998924,1.0257130128216503,1.0722109443430963,0.9934564926468156,1.327149918343859,0.9247554164515365,1.011391281095596,0.8997047568249579,0.9189973021455446,0.9350092316246377,0.8485911464618576,1.1080463990479943,0.687871614363727,1.0069518184340318,1.0174417455365319,0.9937574245394416,1.0063035405904428,0.9996114378410691,1.169158536807147,1.1317573327803316,1.025172716253555,0.9847839722634817,1.9779171992847424,0.9448057353623364,0.9197687579274431,1.175069949306423,0.8637039770692511,0.9781512227173675,1.1683141771285765,1.1729331307380886,1.043511469569621,0.9693459983343697,0.9918230228328213,1.0273546376309226,1.0223621445206907,0.9396162507827683,1.1779955047780686,0.8412834813972526,0.9320764663674115,0.8185593159712273,0.8832594907495324,0.9409390088060866,0.7233474138363595,1.0374773775691444,1.1820854423133784,1.0431432830601532,0.9467530456364164,1.1048459952513703,1.02558962722388,0.9340951776176405,0.9924591053679586,0.7589985573586111,0.8782998705401277,1.1637512771606933,0.9959546425514505,0.936699908620525,0.9114176899947096,0.770696142544177,1.0757904985752995,1.1328955776031557,0.9797347389005854,1.0403074205579157,0.9800722264011842,0.9704675461580206,1.051757529046208,1.0667472588432974,0.9154088890657334,0.9931856823097592,0.9550804080211328,0.9710469596831284,0.9801778148838933,1.0477112310381373,1.0747204140667532,1.0080829296529277,1.0757280795399264,0.9956037146893394,0.6972436915479979,0.9454374537589121,1.012677405673574,1.0861927043545159,1.114349097609753,1.0761262089841228,0.9638702763396655,0.9665813753874573,0.9573240549535492,1.07016104462889,1.1137816970788454,0.8329060464637804,0.8751929989354295,1.016574205185421,0.9871587007953795,0.8336638426085178,1.070238960268619,1.1941882495887584,0.9881642468482869,1.0228170138716228,0.9371127107521627,0.8994289537186416,0.8639626143419015,0.9350864935924196,0.93832269153632,0.9283073684819506,0.9725156485694858,1.080466285521461,1.0391158414593513,0.973567206990442,0.9675822101352296,1.0095144211867297,1.0834338410909188,0.9513599983290458,1.0765390385586657,0.9834015600524371,0.9852235830015256,0.8319850218947737,1.0384077317249871,1.1386397973146265,1.0111640121241428,0.9613129446126726,0.958943617736281,1.015991412812575,1.098900883095745,0.9943272674355569,0.9902002024316425,0.9287544216647439,0.9630279174269273,1.1081810302916157,0.9492424872654263,0.8908488098714169,0.9932119712735754,0.8455348789112308,0.9976392983839072,1.0101243779899143,1.0557914818782905
Sample_27,Control,hFB12,2,24,115,Control,Normal,1.0578149888120691,1.010489043726241,1.0127452858810864,1.2051601184349212,1.0663984802224986,0.9051059196232146,0.9712289962009558,0.9926626792335664,0.9812505405745736,1.0496886559941372,0.8865550639679844,0.9785367574808134,1.083013132915163,1.1174041053972075,1.0106502182511135,1.0335672010665302,0.9322655055404174,1.019849187358622,1.0508707138526459,1.0261003500199561,1.1839098844276974,0.9530498305430926,1.0151837774180392,0.9958398431922447,1.0176831235832797,1.0393736218257081,0.8137309109376647,1.0576690582417965,0.5691055734985307,0.9895247631744568,0.9747321702649379,0.9809427795974267,1.0488392493498961,0.9670270937029164,1.1166504504206092,1.0331582636867425,1.0189644129195108,1.0056005181227006,1.2259489987751762,0.9729866138421637,0.997218833346873,1.1219836743084919,0.9735982357986589,1.0169010405930092,1.087288413518145,1.1208988879418869,1.0198380454433067,1.01169004218862,0.9775108038069386,1.0750353021355714,1.0765341417512917,0.9570781754455553,1.0766051241947008,0.8752707676793773,1.0519599549674103,1.063818129534482,0.907633527216053,0.9712851051881186,0.7189054935989024,1.0269540754188207,1.0663650013849912,1.0572618797633542,1.0169394773734661,1.0072560936403194,1.1971614513940043,0.9700567468231488,1.0186679483385053,0.7390789379172962,0.8681438364953636,0.9733368471956052,0.9785520571061154,0.9940803478214342,0.9388547639570152,0.7959747409048074,1.057175110574683,1.0865772288204147,0.9705855125343632,1.1017762170287686,1.071584313382943,0.9629126170540836,1.0290247493866298,1.0521033569124079,0.9901924320838809,0.9672794260411794,1.0198374328342124,1.091191484514265,1.1408567272383439,0.9624045069435688,1.043988121202514,0.9949541316068523,1.0447880987518172,1.0338439623183904,0.7541938309151596,0.9405909854649053,0.9671977987119963,1.0395556700224782,1.0228418322926878,1.0544344268530552,0.9434537442284989,0.9850143792121357,0.9608256691902604,1.1183565670106084,1.0908797385899893,0.9568957748002328,0.9579131750977259,1.0143522021502445,1.0163557839692796,0.8842449081709913,1.0734884293022326,1.0865059315455987,1.025849135477263,1.0149028410466894,0.8796116015169348,0.9090626022751548,0.9038745113689125,1.0660346339360203,0.9862099294442271,1.009784746263485,0.8268779181740453,1.0606389290142868,1.0213461040340184,0.9712149276006071,0.9304405581927204,0.9050793110892816,1.1021542539210625,0.8867798585379075,0.8924578536888952,0.9987549036683032,1.1225804206437995,0.8414448561259495,1.0229505462289712,1.0923853620742823,1.0330678429391855,1.045326553391498,0.9680164023531532,1.081266842480953,1.043535737965922,0.965737159868867,0.9478303664079962,0.9787204421443655,0.9518252560191496,0.9539089544696332,1.0012664074668738,0.9200542021174443,0.9618203972657616,0.8955966049154764,0.9869900009915621,0.978516428199926,1.0207503361172074
Sample_28,Control,hFB12,2,27,134.96,Control,Normal,1.0454160275403725,1.1661595320944687,0.9712101056099776,1.1867513607735392,1.0712323698008421,0.9689742596603156,0.9611201786921298,0.996918576542394,1.0087727679822416,1.0341724497052818,1.047370738490488,0.9405506358524806,1.0122861288885476,1.0602981265712588,1.024309973870202,1.0602093090783555,1.0561909946896735,1.0090428181550357,0.9942193636836519,1.003577944189367,1.126171105813592,0.9555382140337272,0.9813258469472579,0.8805240931833533,0.9070337684449501,1.0314128966004994,0.8516551566983057,1.0419581289666484,0.8129918315530276,0.9515713865034061,1.0105426821041497,1.0135286291032497,1.0338571133846781,0.953913761151179,1.0592464564702344,1.0595687963270146,1.009518990089304,0.9587619922457083,1.3236221125992704,0.9997040032271969,1.0682654282638264,1.0613124906651237,1.0683673456176985,0.9672822651542651,0.992983617753671,1.0610818725015145,0.9867385333814259,0.9306539072747128,1.0194078392554844,1.0042063844202376,0.9746175440643751,0.9858754855289502,0.9772377979187722,0.8353690529155294,0.9560850906242137,0.9038518413344278,0.9119438114177455,0.9227792341953714,0.8191733380032338,0.9844678984607017,1.089734699300108,1.0369700885224498,0.9205332831740731,1.0372700475692518,1.2166595162988925,1.0098208545828913,0.9326131821969553,0.85361940521266,0.9028094592431297,1.0109408547838195,0.9339010363298534,0.9640100380122756,0.9931275713273932,0.8527207207772304,1.0784987595142501,1.106327586005749,0.9593476242873142,1.0870968697944388,1.091622076113491,0.9636755720358464,0.9369809246093781,1.0775112984916502,1.0276021533219264,1.001169048062358,1.06378603391118,1.1336625298672767,1.180545846975286,0.945902522998054,1.044429652845757,1.0124901056479565,1.0448824114391373,1.0666436430464399,0.7464429133312273,0.9670707402081797,0.9850936462229773,0.9634417244272352,1.0182438314640867,1.0028824877282734,0.9311258241817498,0.9926388835942704,0.9473335303922611,1.055678952834252,1.0547146120560538,1.0486313208994364,0.9924385346777611,1.0639496947724243,1.0188159246902757,0.7852939230377501,0.9774388547997144,1.0220344682776938,1.0162661667608592,1.0193204799442495,0.9387044550079297,0.9393616764114413,0.9374778056599354,1.1206518416954976,0.9448675629618107,0.9971183145772209,0.8720521632494503,1.0356314680125431,1.0329301338705028,0.951838224660059,0.9770783915092929,0.9657748992530765,1.0934034950706821,0.9785561137708785,0.9483658561597761,0.8989850405825037,1.105644573683966,0.8466744923917933,0.9024461412993784,0.9473120575466493,0.9652618226250345,1.1481062101821702,1.0198449759732642,1.021789216943291,1.0190217526836323,0.9253387887831337,0.9764516498530146,0.9315319022307538,0.9429852904686624,1.037010764145874,0.931543625703297,0.9330527043574973,0.9633414704703182,1.0667513756087814,0.9566540740800128,0.9800213758446009,1.0151370712189705
Sample_29,Control,hFB12,2,30,157.92,Control,Normal,1.1132723314525899,1.168256121289913,1.0495704615097534,1.2395384925710797,1.09248335012041,0.8436803357720082,1.0569975858807314,1.0082602308796365,0.9867038986533935,0.9765442074112105,1.1521387533139638,0.945796953233095,1.0408521661403896,0.9888722435404191,1.0068107976468694,0.9161653202532924,0.9948008939265659,0.9235779235193333,0.8725509681493527,0.9705067197207096,0.9295987177298198,0.9733491068741351,1.0159312377001466,1.1380469876938686,1.1407408301225315,1.1996016564768344,0.8482841261506453,1.038045800585355,0.5458400707838438,1.0815049217878128,1.049822251368667,1.018539315211578,0.9766701437992538,0.971614079441368,0.9900088273948039,0.9177820853873271,0.924297338081867,0.8739374692661595,1.5829708101996818,1.0040169904286331,1.1227171815148875,0.9892867897147437,0.9321763169373182,1.0961319244278493,0.9378707630013883,0.9893558452286237,1.0464349852518504,1.0269195966806859,1.003940175151927,1.1399827050512512,1.0780413631975532,1.0129130463214597,0.9393878994533673,0.9149288565848691,1.180978031260014,0.8016892966242153,0.9229030254929962,0.9851658787678214,0.7965386731613746,1.0623592763054175,0.9492394442510446,1.0793356392824796,1.0637409718270674,1.0407976435034507,1.184120517003974,0.9592366620399756,0.913591301517828,0.8141225713061626,0.9166636709094373,0.9640387964147517,0.9860150190740987,0.9591086108811099,0.9805355676750557,0.8652637911084139,1.0033563443346951,1.002106492687554,0.995252607723564,1.131041373002488,1.0462595803025947,0.9586509524868856,1.0697253419042698,1.1063157145174116,1.207714356876228,1.0331718183169605,1.1127870137169589,1.2080420141714363,1.267079946976248,0.8688773762203518,0.9476500783320044,1.0084373747126165,0.9466408588638586,1.085279711831393,0.8306956117758343,0.993687838305706,0.9514401171919779,0.9511597558577745,0.9717636421125729,1.030219325435123,0.9474537045360573,0.9963147679280401,0.9654187083766723,1.141814017918094,0.991286247967065,0.860013654685475,1.0072891195381644,1.149418338353041,1.00909094596959,0.7716538318885162,1.021151827302752,1.0748697598189774,1.0050550151048032,1.0081730145536822,0.8708433292143309,0.9341156511667605,0.9671725912263784,1.04629499791178,0.9212332593919718,1.0328088915263145,0.8532367148752049,1.048497481907689,1.0214261036394667,0.984422061953822,0.9629929099716306,0.8849628567195996,1.1238067394325761,0.8974554877634412,1.0042274751817915,1.0316082260082715,0.9934880028588408,0.8489174240695678,0.834484709890709,0.9257572900560849,1.0192664607658708,1.1556922163191885,1.0520634732388678,1.1139511048234845,1.1575467332397407,1.039599982561525,1.0309588094278135,0.9894315679969201,0.9790486601237203,0.9318585743326799,1.0256881377934375,0.9153119956257729,0.9761855807713875,0.78334945504634,1.0115814529893599,1.0333251662124998,1.0507837637780872
Sample_30,Control,hFB12,2,33,180.88,Control,Normal,1.0364482180663401,1.3393378274186571,1.0103306405293064,1.2333331144788204,1.0654764859034216,0.8826253238133159,1.0553671236304858,0.9969095506194046,1.009301677857678,0.9759370175046074,1.0417660066970664,0.9979494238735026,1.0254748492288837,0.9636383114994327,1.045547445650972,0.963501958497867,1.1012906536006515,0.9697957466154815,0.8770845987967038,0.9484731520340397,0.8975077127394313,0.9846439402734083,1.0050381245650735,1.1161516624259427,1.1319707830614043,1.1218653083506955,0.897077969923263,1.0603851576279777,0.6784145325582475,1.0616958704670059,1.0543063954794771,1.0039008565620537,0.9763509164088852,1.0034302915617523,0.9649905883183716,0.9649652942927279,0.9711240059492139,0.8920453446440041,1.3138499443054399,1.0340046850641218,1.1121918585184432,0.9641606594645165,0.911695665732909,1.0162997029677703,1.0932709086069952,0.9662719188165867,1.0365893480368593,1.0022378954243962,1.007924575524952,1.0871560383295773,1.0172801597614474,1.061067556001606,0.9733374241852573,0.928874015919088,1.0469188368993108,0.7716729604902561,1.019084646949422,0.9493896704859036,0.8473882679288958,0.9949313034131898,0.9790745901052353,1.0609522771365552,1.0414350657415687,1.0106307841247513,1.2212912852986744,0.9945056970429504,1.0111277990079208,0.9087688445370661,0.9484514626308327,0.9173627510003814,0.9858800446430855,1.00277188008509,1.0274896744453943,0.9077791032846798,1.0179371277891984,1.03007435658313,0.9678797790200879,1.1296224969760993,1.0288213683659027,0.9683796944901659,0.9823569954648742,1.06738023841396,1.1106549995982231,1.0119993824306053,1.0628590372443267,1.1980613712383976,1.2801735807276982,0.8818518129028162,0.9704093893408992,1.0372587638269126,0.9693577717668876,1.0755769003311608,0.8393648942732109,1.0142103406501386,0.9364406026073208,1.028249988782839,1.0933210427192621,1.013977929131592,0.9596924501286647,0.9953620978955929,0.9725651310334714,1.130902929888345,1.0247506516329057,0.8222281367855816,1.080986365657323,0.9479444213297338,1.0062186968440294,0.7803501070130487,0.9734227199190304,1.0575593028803711,0.9889844042358069,0.9970239152799895,0.9229682334671894,0.9378683337033368,0.9716413673905144,0.9848077618256345,0.9341773084844369,1.059795223123074,0.909363852909903,1.1396057648606446,0.9858520509540788,0.979503425326881,1.0157434831003576,0.8556489432656514,1.0602132636731594,1.0089388071374539,1.0040910151303035,0.9921035863409362,1.1175117895125157,0.9517781730823077,0.8984820061032935,0.9349393345944056,0.9934727414247359,1.1959409333610431,1.0545357027755315,0.9606620229752248,1.0544475169881025,0.9326520064414061,0.9166209690327322,0.9828004381118893,0.839519886691254,0.9246087588145684,0.9491523629875838,0.8680680640812087,0.7584435859988815,0.8323094190164227,0.9887929957838033,0.9737864900418987,0.9847706644927653
Sample_31,Control,hFB12,2,36,202,Control,Normal,1.0648009439786883,1.3140131284413588,1.0377649616188471,1.2031913533890282,1.0531601131398602,0.887382752609519,1.0243858105525505,0.9845757604154959,0.9972964236399552,0.978783072081141,1.0702212784933225,0.9665966552761817,1.1013270862397047,0.9427474402049675,1.0375722355877972,0.8810254156494098,1.0410963195331495,0.8950406395013029,0.8605278800738865,0.9463318738180638,0.9162988276037336,0.9512534185362534,1.037944966345999,1.2166674480393647,1.1845339889803383,1.078583247720466,0.9040256826476509,1.0875072298724144,0.6256066719958273,1.0339708722831729,0.9597063270614219,1.0106536239115826,0.9790126790720088,0.9795610968822384,0.9462172648443543,0.8838178263895007,0.8965160646655892,0.8785727609228271,1.419448088884573,0.9760648444216002,1.0692909902839978,0.9433504032693409,0.8973926773218968,1.0988347905227673,1.051257225402401,0.9435562176228921,1.042279915654681,1.0946565561719137,1.0152588000157803,1.1503031434301831,1.1070768549607186,1.0402879924367134,0.9538849147479843,0.9424674211185872,1.1889975743912757,0.7579889994310371,0.9270637807200462,0.9570241223979622,0.8199910304079008,1.0429935843012268,0.9097821709898068,1.0809965316585757,1.0102156385222105,1.0071054644602595,1.0509981711057308,0.8755750897676373,1.0615045754957388,0.8656917676726174,0.9669833915606889,0.9689660606882257,0.9643330141423021,0.918436819470097,0.9606140426480007,0.8982245505651246,0.9592368451529255,0.9474120640767754,0.9969631464901815,1.1123420256503773,0.9758155988680217,0.9564598311284119,1.0653591027617983,1.0427242462364286,1.192387559326586,1.0299926248120987,1.039794321814117,1.112053680229193,1.154301543013962,0.9162867965742569,0.9280008529542033,1.0359516463533012,0.9262283860030253,1.0741251680134567,0.9029937757340178,1.002688032429414,0.968121270080672,0.9476605471136973,1.0094442951542,1.0486610802322378,0.9765718443321048,0.9992625041743286,0.9824329915314057,1.1074282784575191,0.9492728484714545,0.8093993669534361,1.0402150651956588,1.0748855813717848,0.9995452835448498,0.8570981657261452,0.9859352980349227,1.0183493621198756,0.9864024135111396,0.9963558056655245,0.9206335401388115,0.8784074158636742,0.9344336781671344,1.0475837120024223,0.9562272059359825,1.0360406583354793,0.8945666244249065,1.1026756697484918,1.0102429063873293,0.9986428145661383,0.9777061438497936,0.9111752470338087,1.1665404620267261,0.8810643424351733,1.205158056519762,0.9916238165719754,1.036098853083874,1.0321394508593147,0.9606173842710566,1.043373839381536,1.051225894358169,1.182460845656193,0.9886927581991606,1.0171753746854013,1.067285656184633,1.014938409324346,1.010508709887013,1.0521093841680365,0.9036072387036076,1.0315822218513655,0.9495898754586573,0.8840138845430942,0.8623148647017744,0.8847761315980162,1.026199540937209,1.0257854199718128,1.0341084598912427
Sample_32,Control,hFB13,2,6,22.08,Control,Normal,0.9618232295650666,0.8403406744091765,0.9304402991721586,0.8671982311164848,0.8453486076948585,1.1451511210529948,0.9476985590954209,0.9240377689324104,1.0477183946986175,1.0801399652808816,0.93713419623685,1.0513720852510202,0.9840344724659814,1.0482649727394575,0.9946607948485793,0.9448780298990425,0.9515346693264546,1.0567068733278489,0.9699657579614971,1.02254447549636,0.8184138666024631,1.0985623691472814,1.005431538558946,1.0951841373301647,1.0628784562237195,0.9272681096567036,1.0183165939010022,0.8982931513969897,1.371293456315726,0.8883837906539531,1.0704644998315151,1.0077275982733376,1.079737349296126,1.0370836714995784,1.0468577660688163,0.9457660566701239,1.0556445901795577,1.0025852817866283,0.7316479620890312,1.0803793775974797,1.1214567414419714,1.055039371822896,0.7647343828211695,0.9590281646642639,0.9102117550791855,1.0539156500121956,0.9717789017503565,0.9646642242591811,1.009216566816848,0.9201257352884635,0.9235442308250472,1.0048219581271272,0.9613040326564546,1.0458163891912464,0.8015965287285789,1.4893957470889476,1.0594720054335733,1.0299951163215495,1.1612924540192193,0.9778209415157875,0.9078411746946726,0.9421092907234782,0.9453233818131146,1.005769123466574,0.671193852826007,1.0989856479036777,1.0098181401750284,1.2630180602752836,0.9451778898264773,1.0328515173110608,1.0257580514905171,1.0948632734940948,1.142313296502054,1.2161772113112281,0.8904529501283409,0.866524158774671,1.0448079692222545,0.9118887546353256,1.1102529762389877,1.065830096580932,0.9946912165121579,0.8659395907609595,0.977359423791026,0.9102136168168355,1.0222320580964932,1.028042582130564,1.0354750922521168,0.9917517915744792,1.0166851534774788,0.9975418118067723,1.016864829060298,0.9327772512368864,0.6952512668671696,1.0222494094163768,1.0309830099935076,0.9341275110791181,0.9156480104738989,0.9818056649002538,1.0012290630783844,1.029601512247236,1.011466253732013,0.9753521717815804,1.0228331214066453,0.7099143717101677,0.9599997577346124,0.8702497430335768,1.0189360701060926,0.8824570448357382,1.1011643851924249,1.0890877170065716,1.0014562053860674,0.9955858513925194,1.0846115758892705,1.1489218693279757,1.0746843981960728,0.9380700075716454,1.1771228062197616,1.0556431914197506,0.9425444352160207,0.8715015721327328,1.051183570774391,1.026184721700175,1.0352212123564035,1.131327188884665,1.0230523774907416,0.9774207432464836,0.625071648428893,0.9399144940299884,1.0416317312103944,1.1571974332824913,1.0538520467897805,0.7905626263267825,0.9654331082698387,0.9553555071335857,1.0436189296728782,0.9140762349438956,1.0330377270070548,1.104953530197012,1.0733879605823113,0.9693639484295011,1.1851017477163364,1.05873844365129,1.1126560768556872,1.2120585560883552,1.167635087902299,1.2897893417501405,1.037052906797221,1.0316925633678522,1.0107070936755906
Sample_33,Control,hFB13,2,9,38.04,Control,Normal,0.9787590383608888,0.8522675418800842,0.9318076268906663,0.8466153001396105,0.8676591115122096,1.2039431474873499,0.9494348570827995,0.9422151250330352,1.0442196164737927,0.9805409706567858,0.9740510958426648,1.0506208923343046,0.9443012183611995,0.995871160154865,0.9813382022464597,0.8897549566483739,0.9528347622222092,0.9746571097850311,0.9809505617139047,1.0185272227132638,0.8796877529735246,1.0929829380021567,1.0208496419209758,1.0373636179804258,1.0400801459965485,0.8479530201113061,1.0293076389030011,0.9189859214440262,1.4159138729731011,0.9068635950891798,1.115044932743682,1.0071115263457477,0.9813313143362974,1.0410430156402402,0.9947411538256903,0.8913887734383582,0.9744366157421198,0.9956049700078582,1.1468279098716705,1.040635992708576,1.055101079366338,0.9995723933565225,0.7969489729801983,0.9450466270299069,0.8820755537863457,0.9994316107180229,0.995008090489121,0.9673254172264469,0.9869269545589698,0.8891390151796592,0.8931403520464994,0.9720789922467844,1.009728895668876,1.0554617797544592,0.8087359101772187,1.445860749046582,1.032164320870985,1.0362664326971687,1.0941785980786545,0.970561314627389,0.8539634851526869,0.9304454234350255,0.9394008467670711,1.034421110141269,0.7159580198237807,1.0695496798222746,1.0203356537866024,1.1540644379683682,0.9677861710634751,1.0041577712590521,1.0319975030952349,1.1615307708449312,1.1027126028675136,1.1380710977981723,0.8731046085158648,0.8376263296700125,1.0308444758231972,0.9036629164374649,1.1052538808649568,1.0568880601413198,1.0029420094949812,0.8867614866793765,1.0337386615925712,0.9601971040757471,1.0192052780365222,1.0066447297073706,0.9981648799165567,1.0318124843349856,0.942959113097145,0.9880690056898074,0.9421699887029965,0.9420056955987153,0.7093880765842527,1.0262345583500658,1.0182990751037266,0.9240995646005502,1.0459803868808248,0.9768319215980397,1.0041469834146663,1.0289196926613158,1.0139769881490688,0.9792741546983167,0.9955540858583715,0.7537250783756857,0.959216700959791,0.9852985171451984,1.007941116712302,0.9346381743652518,1.052323537820534,1.0056483100637885,0.9934082529264819,0.9836107869018599,1.0014734823625604,1.123586087259635,1.1156284428291714,1.0616682310038572,1.0783205375535325,1.037331155603828,1.0387109751795234,0.8750174301863972,1.0310918570745826,1.0160718248194556,1.0503653499810626,1.184752897564389,0.9803990183553947,0.9087112176781172,0.8670519533044885,0.9893226264211666,1.0197084075568434,0.9971516593004823,1.0779606189584925,0.8709751078135743,0.9548413593038156,0.9296778291343878,1.0332815601703769,0.9380704247014978,0.9864305077536961,1.030374492560425,1.0160244815596815,0.9364823439025544,1.1812581389537904,1.130781627410498,1.1221083682754094,1.1906154951206545,1.1637011264185337,1.4679335408627003,1.0313093569148137,1.0188482352120087,0.9997842749933671
Sample_34,Control,hFB13,2,12,53.04,Control,Normal,0.9587824822591093,0.8510951058638804,0.9680761252449098,0.9346402516106228,0.9178948016243801,1.2245639265970942,0.973289246450326,0.9805930892910956,1.0942266884226204,0.9688142582898247,0.9692134868540391,1.1212318098055112,0.9024582569497085,0.9565270271686103,0.9827266879886005,0.9160315032161008,1.0357437021472748,0.9589698416751585,1.0485508882212566,1.0524483486164238,0.9410982138829862,1.0969992031174185,1.0073298859767126,0.9624921619069147,0.9792653644820017,0.9322777829729513,1.0305878881905943,0.9796738079415436,1.8503806699251104,0.9129792088330495,0.9827733121849441,0.9977788315090608,0.9703709407078366,1.1022177064559635,0.9553423557899038,0.9172212586524101,0.959745194858606,1.079012807244912,0.5297627744866612,1.0353798305843234,1.084080906342879,0.9580978753681705,0.8538250443185933,0.9691236194781495,0.9899907037343566,0.9593268192367322,0.9734183320931051,0.9757891499785427,0.9929690806031299,0.9132198463076537,0.9201684690035846,0.9803378160008239,0.9753916563468419,1.0566975521857318,0.8809352736066213,1.2563533401304932,1.061345512291793,1.0385860631350434,1.0956410133107797,0.9470936985557483,0.8773494706174053,0.9653967773891129,0.9326066004145213,1.018059117382162,0.8729734501827798,1.1420443545684116,1.0647644208589913,1.191213733684541,1.0332931709403244,0.9835603522012072,1.0411552349722233,1.067457606209036,1.0634454360801042,1.1177308954319203,0.9207113915900085,0.8867789872123639,1.0184186724426678,0.9440201175063294,1.098290209020263,1.0421605837374632,0.9571828660514649,0.9340095315247052,0.963150144423942,0.9524478872234362,1.0368094998321402,1.0000022474872303,0.9767337540600416,1.058752296734706,0.9458809939185101,1.0053500313512245,0.9448898962279232,0.9223101967573534,0.7261591047076464,1.0218658868446706,1.0358118191306624,0.9223408359489638,1.031461393001341,0.988361492030195,1.010084133178842,1.019489166199511,1.0107283902806476,0.9781875602970226,0.9933608449206421,0.8198853547769861,0.9702389158256224,0.9958844899369463,1.0291173219700829,0.9581463575056093,1.1258885682053028,1.0966613419482363,1.0218609318832104,1.0098921426610752,1.0463604145880119,1.1158499899755292,1.1495396971610718,0.9319960311007633,1.019810493069914,1.0220518780535355,1.0047247801381294,0.9123997347256305,1.016159862550193,1.0043267971785002,1.032717340039977,1.1862509220502555,0.9362293516036889,0.9242071211047418,0.7174352922677253,1.0765413093648748,1.0354238979180401,1.0210295478705866,1.0061383783811324,0.887256896778185,0.979271257180668,0.9558679648227391,0.9759692298548767,0.9532959547893263,0.9976564212266212,1.0489837827428317,1.025506762140169,0.948405432264327,1.112241955008404,0.92443199827786,1.0948270004729141,1.0813431719217845,1.109301279688154,1.198595779476472,1.0080089200009401,1.016352312563431,1.012922963407635
Sample_35,Control,hFB13,2,15,68.29,Control,Normal,0.9302184663031826,0.8891892949142923,0.9660278817608705,0.8829623038081136,0.929622260185722,1.0907108002782868,0.9850426275950105,1.0181459957359507,1.025834853301121,0.9887262684412279,0.9548072847479602,1.0873836176878444,0.9515860311193005,0.9591852331464924,0.9903609670502523,0.9502474538388425,1.0732250046106453,0.9835704582546133,1.0355164738307556,1.0306762188605254,0.9758369548893729,1.063736575461798,1.038881683565346,1.046225534486082,1.0332025890416887,0.9576763042765619,1.0611719788940654,0.9436133986378765,1.3442308178690057,0.936549173067707,0.9845044693260014,0.958904691051633,0.9891867453867976,1.0707999841912652,0.9590179049846714,0.9509629031826072,0.9844759122334232,1.0443431589961523,1.3573393476474798,1.0128098774412355,1.0224986873990347,0.9578827332340176,0.8380808916357261,0.9320906529729238,0.9705691091341405,0.96167864421367,1.0343521886198763,0.9795947117330011,0.9950901189711758,0.8999848637727631,0.8982511180849292,1.021136216329735,0.9797017268201351,1.0624731264716982,0.8826471444424627,1.3839386795466775,0.9671637612798681,0.9479581589387963,1.0265750228262303,1.004375256027298,0.9089187023663072,0.9899095423363716,0.9373391891385537,0.9954222358129557,0.9194756178992953,1.1074472909954323,0.9810099650394946,1.0988377269539729,0.9681964243009111,1.0595877790123713,1.0428788885407936,1.0526675866582227,1.028541562992461,1.099573056130159,0.932308643731539,0.9185998888590937,0.9983174995475482,0.9295017810639858,1.0776878195148674,1.0121525885569238,0.9364496628989892,0.9369340314595886,0.950939646844757,0.9581056407977615,1.000056749763453,0.9837071882376499,0.9701897487964367,1.0511914084386313,0.9701925075876319,0.9990074135707981,0.9697760386073115,0.9518869193419691,0.7348023576488317,0.9773970365218535,1.00065104079516,0.9357874486587445,1.1071498920079572,0.9897751636113604,1.0235918624281943,1.0065525505659227,1.0174643252867903,0.9686272991625968,1.0667750144772863,0.803862617116725,1.0223608911909734,0.9597808853554678,1.0233344005094025,0.9916225517315485,0.9507609134800316,1.0115873534048518,1.0139482895815626,1.0057684531024351,0.9774937607270474,1.1082313931339538,1.054090538417853,0.9664158771274958,1.0881211515311575,1.0014424922699,0.876764513705451,0.9236710401376145,1.0216034354371974,0.9912095166149845,1.0269395610661127,1.067270665687407,0.9954599707251802,0.9387526723716356,0.8455877668086376,0.9832698584018534,0.9632349014354135,1.0246149909010291,1.0002804843987732,0.9145389640117231,0.9424334552818718,0.9483810835722151,1.0119646586195787,0.982245335001004,0.9838634558879015,1.0566626488703343,0.9888505964262677,0.9586124183488225,1.0645374346065202,0.9536596672675123,1.0529129403354862,1.060587582981043,1.0492005621994198,1.0886813573689778,0.9643097158172378,0.9912769915462026,0.9714756652610537
Sample_36,Control,hFB13,2,18,83.17,Control,Normal,0.9299475742152489,0.9345955205935977,0.9702207420370178,0.8824755628955872,0.9572319785858211,1.0035304058431902,0.9433508217698425,0.977945875429481,1.0125857620736816,1.0424851569058398,1.0594716818867107,1.0845005672338137,0.9725595850603682,1.037631286926864,0.9874035119676233,0.9825003861023532,0.9759627271151295,1.0235489583202422,0.9947921125271681,0.9954276191170116,0.923719571469645,1.0657080055617354,1.0557595171251988,1.0338430364977378,1.0126612042464391,0.8830491769843744,1.097790045240181,0.9124195653977865,1.117918989103944,0.9262065382256113,0.9182574775521006,1.042414783375992,1.0421139034889344,1.0813687090257007,1.036205938159796,0.9825876790398548,1.0230682492371048,1.000395269678546,0.7080297864616262,1.0641409982172372,1.0742790307806487,1.0408671370634492,0.8769035029767254,0.8987718994247393,0.8589226704228698,1.0404901770238528,1.0085192030835384,0.9801429329754651,0.9786645582402739,0.9437804341079888,0.9286472387990417,1.0108583896553531,1.0055913663036264,1.0634893901181286,0.9106875998215909,1.2729999930466598,1.0719810478125122,0.9718564623453879,1.0550950390948068,0.981018353744763,0.9581027058387036,0.9529513003021126,0.9791564166046925,0.9988242856291063,0.9011501792067727,1.0705954356036158,1.0040658373281783,1.1072891211577232,0.9373816792641347,1.0241206906712064,1.0390871890078188,1.1255959436383987,1.09701895103033,1.1403072426746383,0.9543770913751946,0.9490964030840774,1.0093245445769243,0.9399145609347531,1.0572339238445232,1.0321356082252684,0.9972111003278418,0.9737001959805408,0.9010849728643423,0.9362956094558168,0.9691969239923474,0.987360429331676,0.9953569535291296,0.9940792618256797,1.014245636248373,0.9942655498336419,1.0146072399309043,0.9641736926454805,0.7548294290054944,1.0394571432936102,1.0151409195336998,1.0476993474962895,1.0230097202015935,0.9883507404670487,1.0408031498190444,1.0134770824415031,1.0338855810014573,0.9563778246752221,1.030073991423064,0.8420093199756848,1.012684000680956,0.9712067543222115,0.9865700456593951,1.0062134605383282,0.9934906050424005,1.0394751336331791,0.984796616946155,0.9786079478241303,1.0291225512698146,1.1062998369242707,1.0754082059691985,1.0066001087815082,1.0678845420353447,1.0142029485521384,1.0620316667187435,0.9009229505120364,1.0597928665648502,1.0064170547283393,0.99303154611601685,1.0283219315509793,0.9146435062305851,1.0238491322030456,0.6579031197164564,0.995795770896864,1.0264965099285106,1.0422370028090788,0.9996893578710226,0.8814233352444124,0.950904651637717,0.9791307581459935,1.0004420048518328,0.9621175009024161,0.9598831699983177,1.0020807768134037,0.9939076519829146,0.9789684474378344,1.0726844840530765,0.8445196366331646,1.055825742738224,1.0247192241691987,1.076035856131107,1.0441306117198423,1.0258896049430615,1.0044956290821427,1.00183551777055
Sample_37,Control,hFB13,2,21,98.13,Control,Normal,0.9000154584558995,0.9744508647769508,0.9840393664952217,0.9062352115685004,0.9757291137495631,1.1005763268774578,1.0250074326489975,1.0263728635709406,1.028637871682139,1.062092936268541,0.9733464713752991,1.0821024891576911,0.9341103594827723,1.035395038104141,0.9698971577173654,1.0211938197228272,0.8829153663947591,1.0235528975710926,1.0419219223674938,1.0396512317247077,0.9868149468054779,1.0554847165899128,1.0205954733818505,0.9847654944786688,0.9776477812756837,1.0236219291225435,1.105837684384125,0.9609351826014426,1.3292685548851493,0.8928644672807488,0.8992721015873224,0.9734395424501454,1.0616775783153867,1.0684976908867099,1.0331773076235036,1.020278595169787,1.0221323313863335,1.0504010548425455,0.578259035298838,1.0220497493381038,0.9482377344903511,1.0357114058697525,0.948244550510665,0.967331520587271,0.9168458606124188,1.0337392234542016,0.9882262701458038,0.9637687427922323,0.9618502541141486,0.9447907513655702,0.9213161627716885,0.9927612531211473,1.024392328514864,1.084799783796932,0.9030659874424748,1.0787752428718211,1.0334125771736422,0.9451724432364543,1.024482099722747,0.955640760724216,1.0009627720289944,1.010775809514688,0.9116627805722581,0.9886544947239098,1.1552607307675362,1.035947481652698,1.0504803884463698,1.0862483628008077,0.9687576663565717,0.9391256807517896,0.9761755865803655,1.0042346367047503,1.064968190445626,1.0920531041260029,1.0216850338417225,1.0317225952890121,0.9934334751025231,0.9501243189072526,1.0722527622406979,1.0181873005257198,0.9387133128553709,0.972509570647051,0.9478561167055429,1.0013793055576918,1.0206115336162775,0.9737447285698856,0.9461127773953858,1.092605964525221,1.0378420513829214,0.986116265670722,1.0387772061254692,0.9565631908412902,0.7211984499694017,0.999219754341818,1.0147382282008095,1.0888816613313208,0.9866493585198082,0.9882811125124401,1.0412718442938247,0.9941106265722931,1.0236566865802457,0.9751116713731827,0.979156741199243,0.9187127574196436,1.0359105745323807,0.9917019403734574,1.016727394642879,1.0370407937311679,0.953174519350465,0.9770340294562886,1.0187915146110407,1.0011007133586076,1.0475509788780182,1.0806962708594752,1.0846978357867245,0.901888434159601,0.9484891323541359,1.0057434527881555,1.049980584611604,0.9674970787356283,0.9728422151445221,0.9994583594089739,0.993450708982918,1.057485874133315,0.9512039586582393,0.9810045940293083,0.9625374432560075,0.9809187741785136,1.0656427552217445,1.013833448639156,1.074591764573832,0.9403441857172821,0.959772729385338,1.0358917141401696,0.9547007227026936,0.9157764469819585,0.9687156477303618,0.9568676983778489,0.9499413578174346,1.0001046809967353,0.9925798747217343,0.8502226267109885,0.9833597515772787,1.0137579576733375,1.0001468290326017,0.9226047943275123,0.9756759392254136,0.9731370534930645,0.9806571619530358
Sample_38,Control,hFB13,2,24,115.33,Control,Normal,0.9949346865279298,1.1053741024077082,0.9994971710169596,0.980436310076442,1.0161854129525905,0.9852867312711909,0.9998628071517984,1.00297028855718,0.9474229085229471,1.1039658412002076,1.0545020476725304,1.0386119629628647,0.8736294739777349,1.060243319491701,0.9759173949158767,1.0737794199220727,1.0556826256271514,1.040940826607911,1.022326344194909,1.0335009793741212,0.985369928501683,1.0241774031030169,0.9766886022768587,0.9904345963253995,0.9729080708169487,0.9688865115288265,1.0545265913839936,1.006288919423329,1.0227783100670258,0.9719434005197322,0.9208965158257516,1.0213169889628706,1.1020230748857092,1.0405985394470603,1.0561588478176038,1.0720337143556058,1.0410896446378668,1.006781945699984,0.9347614261896622,1.0052880188097797,1.023522679685175,1.0631067204819098,0.9961585820791103,1.0112648008019327,0.9077697897043907,1.06134426882892,0.9993688234432931,0.9865896326429935,0.9963024219624604,1.0295107031725015,0.9206374004367309,1.03167446909569,0.9954646323684463,1.0198885004249796,1.039722367034482,0.9082838352326623,1.0299559859861602,0.9304655431165216,1.004641219743029,0.9680676862333861,1.0716082806910496,0.9439387934018385,0.8388184185625855,0.993485594804719,1.2814967174808407,1.0039963658552629,1.0623166509109108,0.9740325053252031,0.9457921836188796,0.7997322292581234,0.997097744827721,0.9443758526754221,0.9918688242722316,1.0438132775193345,1.0752840570625721,1.1084953341680834,0.9626729218689609,1.001563609151873,1.045871376185957,0.9617767201080578,0.9745635450100576,1.021298154477654,0.8895887624397008,1.022194416787838,1.0173238901505643,0.9589219768535662,0.9225504135435191,1.0025696486141096,1.0796548880011354,0.9776712030278428,1.0815283024352582,0.9911060966555644,0.747950681083494,0.970476722615449,0.9894775615408542,1.01846981500692,1.0630236498960097,0.9939570765925151,1.0180230597184474,0.9740843395981086,0.9985962590367996,0.9738783709866301,1.0125604692024883,0.9564544914801986,1.0968148962581377,0.9807616950824255,1.0175857895525453,1.0344289985975392,0.8924768837628412,0.9452645312967676,1.015167318982833,1.0144720003580447,0.9985139283961533,1.065077444632136,1.0045737736389833,1.0698470579063961,0.9227840524801587,0.9911479268687017,1.1186339138124697,1.0363447438312445,0.8726138081215308,0.9687315006142451,1.002517746816883,0.9388325304247598,0.9505057234169898,1.1354269495146658,1.034157978142468,1.0252910586167998,0.9663055891298575,1.0182652270722357,0.9477932943940622,0.9541797613594577,0.9494076111528676,1.1250631830381999,0.9740670558213119,0.8904624364529556,0.9634548202669878,0.9675468141483703,0.9195277173714764,0.9642205287528737,0.9323348063116083,0.8448936062924264,0.9316446047777264,0.9387948448296471,0.9096859315473953,0.7997632915897301,0.9501328708192106,0.9543149721208387,0.9739588681022154
Sample_39,Control,hFB13,2,27,136.29,Control,Normal,1.1086247306266332,1.1061963858116002,0.9829223678437654,0.972455033040539,1.0432523083143155,1.071287521576347,0.9868872584963877,0.9919019624013045,1.0196414908389824,1.0459271524069185,1.0710629709200727,0.964938948029623,0.878705830845088,1.0619246478810522,1.0186516681326938,1.0245375453686156,1.052340983004224,0.9791948211599627,0.9620915689747453,0.9995099508018535,0.9040209891769317,0.9559111985871019,0.9477844408163641,0.9331172432792797,0.9318079410597876,0.953630546002066,0.9943143648886973,0.9875461010296264,0.9792093384426623,1.0361327835759062,0.9487623469718554,1.0189104944028815,1.0456008366850063,0.9782148961241381,1.0579146349255266,1.024432389362065,0.9799336159561499,0.9643742633172027,1.2234463556937492,0.958212718529018,0.9217856007804364,1.0629460345405806,1.097394140560706,1.0119316807700023,0.8848961474012887,1.060835074393626,0.9756976261576826,1.0642692577809911,1.0505804704814956,1.064396968156714,1.025576122267509,0.9544280832549252,0.9734733471581278,0.9931027711452894,0.9973481568981355,0.674448788875655,0.9366222695503009,1.019652134071731,0.8749383670218691,1.036617522021591,1.0548863300638684,0.971882645094192,0.9040195457920064,0.9832127049820855,1.429650127675394,0.9639102643107521,1.0233524699959602,0.8278863137515327,0.9121807418826742,0.9513759341543185,0.9962123121508369,1.0227920817977,0.991525060720566,0.9016407743562733,1.0945790694156312,1.1297326468109758,0.9832657165010789,1.0036328602863103,1.0298981791469968,0.9737340520039045,0.9517270492723394,1.0267943600952516,1.0154184626089915,1.1456903530321192,1.0614853192825864,0.9749876076548668,0.9196627522771322,1.083052672565235,1.0310041587655736,1.0154094045377027,1.0313737354281138,1.0129144726637347,0.7026188737036502,0.9843252336925659,0.984899098337833,0.9044072452723747,0.9801161332555106,1.007126367828658,1.0007546322916665,0.9725450794633355,0.9827762265930188,0.9285804665930808,1.0023965681315126,1.104987257807909,1.0340356447765022,1.0115328963767531,1.0216668236496174,1.1024928864441974,0.9440038938233153,0.8721147060944099,0.9990895311643931,1.0044505333991733,0.9578225153029011,0.9862980988884155,0.9378707846281618,0.8747575290811722,0.8830032685842165,0.9658888154455607,1.1222173023807025,1.0767850508736607,0.9676194920834172,0.9841987262583588,1.0253420818893546,1.0513202970527078,1.0329345783347854,0.8984845524124173,1.1926155046092513,1.079678292718229,0.9218220860052283,1.0476260769095762,1.029657884079856,1.0520618468456437,1.0356985033725448,1.1092499942887153,1.0092362334101013,0.9683854696592437,1.0439351092245934,0.9880697523368556,0.980263438771141,0.9967447626258794,0.9492346727724522,0.9944757488156317,0.9445039228599047,0.9024041036317375,0.9676124332185392,0.786844369175444,0.969993735062193,0.9887301153236386,0.9817366351585823
Sample_40,Control,hFB13,2,30,158.21,Control,Normal,1.0668193354745485,1.105298887445226,0.9904104847684051,0.9425701871048422,1.048245781846624,0.878011422691116,0.9847795404361592,0.9672344681689499,0.950564105713288,1.192220447834572,1.0903956673869024,0.9788662078051212,0.9293214775623079,1.2365534458962613,0.990667181230114,1.126049225887476,0.9632032649855115,1.097883582505168,0.986317363780263,0.9933684640428396,0.942868550603663,0.9393138364302285,0.9737132370991854,1.0796726953419766,1.0471797313984654,1.0371364097724753,0.9683475935760189,0.869044681263545,0.7165535965317109,1.035292082927161,0.8724507403020699,1.0503639459623575,1.1892218528084935,0.9928187401981052,1.2298304949150987,1.123634511690895,1.0965231168738883,0.9951598643926628,1.0137510218448424,0.9773775246023356,0.8930170600048442,1.2463629788617754,1.0532680179878227,0.9946294553049531,0.869355894542297,1.2367909081608293,0.9876763202583786,1.10332347978908,1.0172539639265723,1.0585165073136753,1.0709998520542179,0.9905592093028069,0.920286889704612,0.9795186352062004,1.0340209342301792,0.6717155540167788,0.968871190599458,1.0425967419769,0.8761958531520715,0.9911113175168764,1.1694609831938074,0.9914503360426727,0.9196160024754686,0.9509372536846291,1.3722637177576007,0.9465638779485974,0.9307587125240334,0.8752774596375432,0.8699596788063231,0.8972459569051443,0.949250455010925,0.9859051140572309,1.0000954360513918,0.9298986328235098,1.1361747685683465,1.1994693263468794,0.9740782754318823,0.999528904242742,0.9787943004966826,0.9547377503734215,0.9976138016606578,1.02222398278908,1.029351679847065,1.0940451669821636,1.023182392351014,0.97527618662922555,0.945601324483319,1.1076168754213649,1.1541738524899015,0.9842375760857522,1.1571019829073326,1.036597713294083,0.722991622807624,0.9776845031472194,0.9384512861785198,0.9503212571567987,0.9268253091040396,1.0247037005559991,0.9953710397752792,0.9748064655703722,0.9862446047474972,0.9649257648517511,0.9717155161278213,1.044173213739067,1.0434748797769902,0.9861912563895233,1.0096270560515175,1.0465745626390777,1.0137834326306419,0.9497502212917245,1.0065782368670382,0.9993061004389803,0.9601170187578215,0.9907620556295377,0.8631966686287511,0.8716256745580028,0.890000828367868,1.0197537880861414,1.0223925067804116,1.0260934832473547,0.9557654686046704,0.9712563715091774,0.9585802295496408,0.8768612920792274,1.1211243352491902,0.8816370772161511,0.9764822090526518,1.0262638895290408,0.9849617285432771,0.9738200825445541,1.018026360980216,0.9359254375314768,1.0231714172306035,1.1316832510638517,1.0129454590246576,0.9856367577755705,1.0201696089221748,1.0197659631159377,1.0100682856054184,0.985331941831707,0.9046871933607313,1.0128719706247693,0.9150280529025667,0.8968029216894391,0.9244954172002294,0.8869841624077393,0.9873336138071253,1.0005745649422333,0.9886312272174421
Sample_41,Control,hFB13,2,33,182.08,Control,Normal,1.0253505191706451,1.284313816105981,1.0695709514036937,0.9675830666693923,1.0567780923341539,0.7626086440100973,1.016240689746992,0.9916601641430605,1.0387898582992534,1.1200767619225105,0.9759751919525508,1.100340224121188,0.9238126292311293,1.0926399044995383,1.0004324677278469,1.092954122592661,0.9045560821802971,1.0199338206369941,0.926487059019612,0.9297205191928585,0.8741382824804422,1.004156451378417,0.9884035634138577,1.295535914044119,1.2361224327026938,1.0657859091314,1.0248546135032104,0.9998380814451423,0.7165074457074354,1.1355566329029492,1.002656214145747,1.0091748842760557,1.1190679821959093,1.084779802830447,1.08894496722671,1.091303728992041,1.0187683421785667,0.9406851374618257,1.1546122072933327,0.9781984180243924,1.0882691274145004,1.0930752783675777,1.0321273597350917,0.9654745407258047,0.9115774234174271,1.0908643316511613,1.0545572103705678,0.9959728581898262,1.0496083209480087,1.0450839271777645,0.9269179758543779,1.032832559584624,0.9352595457139365,0.9326847031719814,1.3079920178952686,0.7990290644097461,1.0291287818657906,1.0163832829391293,1.0038857541400448,0.999386999487464,1.1038491222149163,0.9897517222577297,0.9039993526727591,0.9989891372307724,1.243635700742202,1.0135087819885351,1.1089491545289059,1.0205237740024773,0.920103855058149,0.945956967062979,1.0046317750002254,1.018365483742423,1.0027197646976196,1.0335941098806625,1.0874445152538241,1.1253021640457108,0.9530011725666727,1.0115009565105084,0.9037576829079202,0.9675213748445115,0.946823423117336,1.0650631107960749,1.0141435396512053,1.0131468493638873,0.8837006168618872,0.9478507322698815,0.9793854914479659,0.9155530589844284,1.095644704942843,1.0120184885047236,1.0971518131958127,1.0287802954010319,0.731831826836923,1.0061474942730055,0.9462377460802252,1.0055174477692834,0.9050748796574148,1.029662006825064,1.0253329994366729,0.9724044277035581,1.003790539711841,0.9916389666131521,1.0296565853686275,0.9731152137449198,1.1440504626219732,0.9795183563394226,0.9810447857145341,1.2142530380469683,0.9590201947570957,0.9653957269374046,0.9645274036244361,0.9719771552630846,1.0965539080249846,1.0451775459855217,0.9276103566531358,0.899283167450809,1.0473050653846274,0.9741607042971359,1.0689461294911877,1.0800918651264402,0.9004482279599565,0.9557335800840415,1.0074301600642355,0.8149205980025477,0.9293215096032224,0.8483229170631387,1.0025228570028568,1.020176354836848,0.9291408214210519,1.0504729717065722,0.9349879445779091,0.9033643761477208,0.924234938992203,1.2939021144664768,0.9849921025276518,0.8538948553432691,0.9724820700666226,0.9704141713322443,0.9552111088079529,0.9381397581814814,0.8766727225429124,0.7890754822067215,0.8969333352575434,0.8134121171726327,0.8794976624860976,0.8321231289641904,0.9699696192334221,0.9656971484757542,0.9921883005009453
Sample_42,Control,hFB13,2,36,202.25,Control,Normal,0.9960541054846805,1.3539631285940443,1.0930929829911213,1.0305229763085704,1.0862744112886926,0.8001239572972095,1.035069412613316,1.0181842232558005,1.0310590434087494,1.1146726475697668,1.0367830720965112,1.0915643035861335,0.8586230372400976,1.053738011487099,1.0022370510818812,1.077863905465978,0.9962643422597268,1.0363396149030817,0.8869766815432509,0.9730112185380977,0.8641363433062014,1.015640554366469,1.010013290852896,1.386011299436303,1.3099535696331963,1.0778502579536375,1.107024209305628,1.1383177585434827,0.7803242156998119,1.0399863093138275,1.0063388126155577,1.0390559234876526,1.1136350140483076,1.084709219133229,1.0494679968449436,1.0765148477603286,1.0359347289123977,0.8795190218713043,0.7595885885279828,0.9860318816290212,1.0692415686418724,1.050908109245092,1.0100362135218033,1.096956467462692,1.0117821375581681,1.0475156859919896,1.0795508209611584,1.0101231330141478,1.0411326909868253,1.0134987432334284,0.9158769615594251,1.0642266742736357,0.9539955711832433,0.9452998831020057,1.3490195996849805,0.6075570867018266,1.0173506082717152,0.9152876004302885,1.0660068352327212,0.9934829979115902,1.0797278272852768,1.0425065572614514,0.8457228542922335,0.9631679102147495,1.4150342792872659,0.919580721681109,1.0500001836681563,0.9710824474695737,0.9705561977915333,0.908993609820993,0.9743914511463135,1.0048957164222503,0.9912821008222901,1.0013313091613791,1.1072910800240257,1.1434682550633604,0.9541872811773185,1.043200161789527,0.9962348596179466,0.9578802662555099,0.9400965761468447,1.12330130403597,0.892331084201224,1.0682592913266595,0.9547729790234396,1.0318965907888538,1.074869353250638,0.8791717522275558,1.0855790551990914,1.0134817264023457,1.0869156909888087,1.0617745904914622,0.7838167096863312,0.9978386311361243,0.9580101341817086,1.1483674758975813,0.8533379215330141,1.03013141674753,1.058416653448238,0.9762700032718931,1.027655278979348,1.0496629080810878,0.9535874345762901,0.9340646573321874,1.1624627226802244,1.0352730002078667,0.9805479178491886,1.235731146206404,0.860155212638351,0.9322095879671448,1.0055593534772027,0.9783172504620221,1.0536357479022613,1.0458921108840251,0.9736720502742428,0.9249740531994897,1.0260504414108345,1.0018547718999269,1.1423421516387329,1.1215601496441288,0.9183861268561211,0.9681520790066518,1.0109832768014857,0.8358402503039796,0.9735345267296324,0.929697871774423,0.7583942502078277,1.010729280424227,0.9713174913767765,1.0818106302575692,0.9370439582015848,0.9591897299843178,0.9220141321129349,1.303015384312326,1.0281247155948705,0.9459725413754893,0.9002813778488999,0.8966466314235424,0.9377641480964132,0.9951499654884713,0.8639692658341374,0.6602564003953421,0.8916161113254687,0.8291791546054101,0.8749914781212862,0.8278116431606307,0.9525023274873311,0.9454792597650079,0.9774293125200918
Sample_43,Control,hFB14,2,10,22.42,Control,Normal,0.9983662709256822,0.8343403593420532,0.9779301840199759,0.9060278261125653,0.9213453358710759,1.1132058069267428,0.9999757232598583,1.0040815635951401,0.9593298097394496,0.8514370107446702,0.9868112716196745,0.9910214322762328,1.1380121696753194,0.7577610761226701,1.0345844267169602,0.8643897195063388,0.9688463781927082,0.9967435233584291,1.012335670526535,0.979636059208444,0.914220333198755,1.06360806898234,1.012072961700169,1.0052336553020436,0.994642588809784,0.8981666748622167,1.0058984633403074,0.9411249290273345,0.9078122626917171,1.1497030220959992,1.102124256075819,0.9865630613543177,0.8527765422844956,0.9904936817966831,0.7660908529923599,0.8674270072233223,0.9964616154620496,1.050648417818624,0.6067512738398211,1.0644743888790862,1.176393347430262,0.7488345177525663,1.0284150201673354,0.9522644945756714,0.9612592450675125,0.7605723989892142,1.0058190255144315,0.9179695043758723,0.9802426755565258,0.8983394893682398,0.9361045155844971,1.0760803007868454,0.990251764773753,1.077157602441165,0.8955504901827541,1.6353710145341713,1.1021269985783488,1.0502219444801628,1.3344859633125579,1.0146416554662596,0.7958541034931816,0.9841062108100191,1.0888295542894713,0.9865501026377196,0.4275656136994591,1.1137151153206553,1.0174569820330228,1.29632143956357,1.1218409257133248,1.1001483338112168,1.1126971286197715,1.0266443652462809,1.0486191319891667,1.2727187167238,0.8159912503772333,0.7363467344609882,1.0761420827130117,0.9478841941377822,0.920665259603298,1.0954023017599301,1.0818747587187212,0.9355339086205374,0.9810585817363143,0.9261823714276373,0.9177632772179689,1.0017687223169494,1.0495669800636258,0.9410670294771926,0.8664753656100168,0.9963564868959531,0.8640096903937551,0.9695202124956178,1.4305981006828064,1.142589918706873,1.141529078186631,0.9593405961808933,0.9097967119269457,1.0225251233155117,1.0198231420029007,1.0957906000542312,1.052407234875285,0.9147840690353063,1.0853404357519612,1.081524738566285,0.8984112921308995,1.0151448529431002,0.9921490360295983,1.1331223464589766,0.9237055966067328,0.9861447261013403,0.975161674121528,0.9928873442117625,1.113178789002869,1.0840830594520243,1.089059283717796,1.1180536062371464,1.1510169274838995,1.1081572830693185,0.9547113633087865,0.9166272920115921,1.1065375588211108,1.0621829446075162,1.048726951423265,1.1023099609015723,0.9020579455958216,1.0475775876106546,0.7364478423225006,0.9151413642878055,0.921287116361854,1.0507362947788979,1.1089880966492665,1.180181984146401,0.9820714981985186,0.8280200915969927,1.0416366832182318,1.1009654054823215,1.0026502463878753,1.0397974496370452,1.0993213241223478,1.0031874424682976,1.2413452483169785,0.9993731561279611,1.1412426076831077,1.3498148968511505,1.2310786074610474,1.434626896407409,1.0881481045780235,1.0649239481567263,1.037068996243648
Sample_44,Control,hFB14,2,13,39.13,Control,Normal,1.031050468539686,0.8531394197798093,1.0179014226704812,0.9517253486912306,1.0138744924459457,1.0798545805395607,1.0282512426108266,1.0127796937417817,0.92521926311553,0.837781555037882,0.9142632450232524,0.9196329720661393,1.0839296112291197,0.8089334567274673,1.0061478298082889,0.8927206086349704,1.0018473399036085,0.926896669121793,1.0758182120898103,1.0221620644342693,1.0525311095858993,0.9953056426139009,0.9831549508013643,0.8797806545150485,0.900534944885449,1.0264731131757645,1.0284539263536243,0.9984885196585918,0.9391634014779923,1.0498022069603694,1.06491507246588,0.9349224911389595,0.8388669147201113,0.9189601697929356,0.8149557073036535,0.8947443731825276,0.927653841624218,1.1045008105146104,0.7250752969583157,0.9998946795414384,0.9585769737393653,0.8029872540159921,1.232307326679609,1.025269733310285,1.014494639279307,0.8070526933588483,0.9544245495108844,0.9859331903120415,0.969329172259202,0.9655680913250693,1.104495844692568,0.9961544439072174,1.027450590191579,1.0660038630513016,0.9904497006300331,1.0745885549396996,1.1075217269362663,1.1530486241175288,1.2167757739958065,1.0662088869121316,0.86700349825419,0.9826150715555256,1.1194502474776786,0.9238245367890728,0.6690311922642287,1.0300457124546336,0.9852367612024178,1.0911139934668206,1.2025030098764555,1.0269401157948015,1.0278968697113673,0.9742097277629473,0.9808861126068389,1.0863284341469028,0.9036904106741351,0.8378466251261029,1.0342441957783506,0.9718918521192397,0.9171607751090871,1.0319820997536424,1.0619961891398257,1.0135944361156364,1.0407150462993335,0.9921033987050575,0.9985064317634454,0.9564298789300952,0.9329613297607644,0.9745826975325157,0.8698365667958505,0.9803149937195493,0.8679221700437076,0.9966360905264566,1.7766734736781409,1.0331234093587025,1.0237208112086327,0.979472014403663,1.047572860222685,0.987787252641702,1.012830281973983,1.0098590217394128,1.0156230763689766,0.9432356220176289,0.9195797099945469,1.342236059621281,0.9115534766210062,0.9515357547760593,0.990929265775661,1.2228354393540528,1.0744919287890882,0.9337070986654544,1.0001308921420182,1.001612724011009,1.0621000655099848,0.971375797066808,1.0416560361225569,1.1207260362954008,1.0314212165248293,0.9655805879938528,1.0175081614262638,0.9010785320333059,1.0347338196826206,1.0451922575367516,1.0158912052768798,1.0879923792275126,0.9129758519359293,1.3263956423383327,0.9716680832923963,1.0104564760955552,0.8032606522550741,0.9743551793717726,0.9713087655357292,1.237970149258945,1.0816535850313185,0.8612899862462414,0.9365438034485026,1.067010966863569,0.9256488365432588,1.0180060783642515,1.0516626733259686,1.0852922341462787,1.028518245403456,1.026756895261332,1.0562992925533279,1.1295509964932495,1.0218053047824627,0.9575307339604419,1.0370160476655257,1.0122657403575468,0.9656154081885351
Sample_45,Control,hFB14,2,16,55.04,Control,Normal,1.0240736395204018,0.8757239563318181,0.9982460221065768,1.094780528932541,1.0396014058115468,1.1117931148753644,1.0036248172355258,1.0291314627331798,0.9355836042671224,0.7803686469613887,0.9178374789058692,0.915454490121025,1.049729813197849,0.7772372871297057,1.0011359385479812,0.8657804037568814,1.0812479753065551,0.8875880516530281,1.0804777755531365,1.0225477696082734,1.084080556133788,0.9794099453751383,0.9733066917717631,0.874688679512738,0.8962333029659001,1.0372271885033697,1.0289516862879962,1.0143979283632605,1.203125329813719,1.019707116003855,1.1505429169611425,0.969738137836418,0.7822954919980187,0.9157516437318307,0.7832052248851951,0.8681955145079288,0.8895446937730664,1.108264917533374,0.7756628862000464,0.9732058959131188,0.921345571289077,0.7689484075958247,1.2338808904031646,1.0809666007015415,1.1293571183900446,0.7742100550127384,0.9421750391182268,0.9714221628968881,0.9563321852350658,0.9838086236315994,1.1045098273043517,0.9913790496349557,1.1166199017170146,1.0602035006179586,0.9141186014327499,1.0008368606306686,1.09392293567849,1.063355077239984,1.155169745920415,1.0343739112473833,0.8497381931629603,1.0177513852552282,1.142169653730916,0.9202676471182059,0.6250579374060367,1.0374894367010248,0.9453240132060581,1.1156576990257334,1.247543970543328,1.0698146290938146,0.9770166271297122,0.9323070425307548,0.9437564926227612,0.9983016856169981,0.8897261335485469,0.8164668294939601,1.0183447933752872,1.0288515143047934,0.8664740376933613,1.0161665101879722,1.0294136823665208,1.0172122451532302,1.035447316529945,1.011365008314448,1.0031052436273376,0.9548002092279841,0.9244448131162969,1.050998790020501,0.8301143674479543,0.9829456030787477,0.8275525518825314,1.0061624810180816,1.8745679080079054,1.005939029967191,1.012831417925341,0.9981842154121365,0.9354644761397581,0.9655147615689452,1.0006893375117858,0.9892693770267961,0.9988695475495801,0.9850679273381069,0.9198369307714407,1.3516605410541436,0.9280858724486283,0.9448853300019563,0.989286947037925,1.0747752347675328,1.0534610402103735,1.032586269233134,1.0098272253161624,1.0239982456544423,1.0704557037380695,0.9203237089546225,1.0739622558366535,0.9926867545483081,1.0043817490320066,0.932676979579489,1.0620792624859996,0.9686498808131287,1.0451873176420834,1.0268633211776323,0.9607134327798429,1.069018252393365,1.0123147686892018,1.2352327978078081,1.3200218073551313,1.0146236511152193,0.9399878321955701,1.0426498904961072,0.9961334174781932,1.2803312045808593,1.0927207865273216,0.8272462778224483,0.948584036408561,1.206533058295441,1.0435861593921094,1.065678543080081,1.0242222820661167,1.0444248604825124,0.9769295773656631,1.1743212806548147,1.0037882877312179,1.0492884095178334,0.9313299746067634,1.086792952402102,1.0041455673592188,1.0119878774829958,0.952250889545696
Sample_46,Control,hFB14,2,19,70.13,Control,Normal,0.9752570765369333,0.944952991358334,0.9975120603875449,1.025500892837273,1.0211806922747688,0.9057158607510225,0.9983581598797124,1.0012063986190254,0.9276235779764324,0.9120355469020406,1.0064592391674043,0.8932531988936252,1.0328225956138235,0.882766566606263,0.9867677358484891,0.97550259028014,1.0492104496935464,0.9864386608387679,1.0181140739662093,1.0032426956123455,1.0528841190491574,0.9741896881558303,0.9880157919468213,0.8556533677210946,0.8780082122934341,1.0471278201985725,1.1242230208573825,0.9540733313473756,0.8448073058092025,1.0320429548336298,1.0123792643442802,1.041190600348907,0.9122289177786534,0.9074151399140522,0.886052444452127,0.9757034052754151,0.987072799812122,1.0043128172217932,0.3165462973306019,1.004370159614116,0.9112543941141902,0.8738143903285907,1.3025133346648017,1.0275306728586133,1.001081427528879,0.8744481414336035,0.9352340512710187,1.033276225249823,0.9887633336223003,1.0074144479359337,1.074534952328497,1.0580897928721666,1.118426971340373,1.0518988214848382,0.9653889625240685,0.9719595020474878,1.0129657326002053,1.055093083709625,1.182992459438936,1.0320966644105944,0.9529181560071236,0.9765505139198304,1.123995038327318,0.9507171939729788,0.6963474548224913,0.9857208923322385,0.8984001738927127,1.1083420828103148,1.2724772779131432,0.9108891111921394,0.9630371013858365,0.8815519370491602,0.9572518602604041,1.0814608637075434,0.953005933787773,0.9048437914997575,1.0206291345922955,1.0110338962928613,0.9413409139093154,0.9974140747176454,1.0175646715527966,1.0217036033275215,0.9157566444625871,1.0601183489709762,1.0393570159277103,0.9616597835577184,0.9168375155212588,0.9869082835151597,0.9445878972062834,0.9824716945381805,0.9439349209352846,1.0281045621934255,2.0709457078204188,1.0359641326302522,1.0486117772914028,1.078187744151673,0.914686034210223,0.9758268233358316,1.0491879168183575,1.0179230960061247,1.047432949671391,0.971428685853235,0.892005479851115,1.4356827561155254,0.9811875141069554,0.9867350932354715,0.9842527221848074,1.2077350611564646,1.0104786433864872,0.9560403870181114,1.0009589299556871,0.9938567857252318,1.0855016364075531,0.942318783066226,1.0305217749714848,1.0761891774676202,1.0535110961458927,1.0095273884539868,1.0766293206886846,0.9278767474241585,1.0659612909663216,1.0298182341442483,0.9938130044644824,0.9527539021692062,1.0086233521640775,1.1981058043696684,1.2283836193884285,1.035270669144694,0.8957619080213813,1.0840303305837773,0.9813210386416038,1.318039262227409,1.04645620851659,0.849466188778893,1.0120115613916796,1.0855270042818759,0.9590586152452798,1.0008064263184278,1.0116520333465773,1.100494976331521,1.0324902901983193,1.1221285812171962,1.0482279381497919,1.0653638017052454,1.060416320639267,1.1500599902506168,1.0224609279606396,1.0064797400459056,0.9904710080871453
Sample_47,Control,hFB14,2,22,85.08,Control,Normal,0.9349338654606918,0.9087094524477619,1.0190195515156368,1.0281309854333587,1.042987320573087,0.8586506411499171,1.0794253351176906,1.0446387795445113,0.9535516664421309,0.9311422595291013,0.9224929350276392,0.8460859461363393,1.0080851227005478,0.9235017232296086,1.042833865809269,1.0232262483628058,1.043408965549771,0.9774132280775467,0.9553907484399157,0.9361025159197456,1.0033412952664713,0.9081392481307164,0.9728049491714454,0.9790731602713209,1.0101388610632278,0.9836350597207786,1.1429437262781357,0.9587023726808825,0.7256978293417905,1.0525244130018137,0.969766165076005,1.0573636442051562,0.9314202601326812,0.8556449578595072,0.9253528951393405,1.023575867287687,0.9780799367912095,0.9598453580836126,0.7108272648702465,0.9589171405532244,0.9026302992172656,0.9188200162465929,1.2050633257575376,1.0356172493953693,1.0951327075574422,0.9179065064937322,0.9855246807249892,1.079223846336597,1.0015416134754043,1.0877532941817523,1.0669943184641109,1.0548488770563877,1.0412566929442795,0.9901098037649084,1.045703526634271,0.789761834471507,1.0483207256335068,1.0516975171886673,1.101685909100668,1.020529504803034,1.0403836536797417,1.0076696894922297,1.189691962494729,0.9383825720861324,0.781316414814716,0.9502404068831228,0.9282679218624084,1.0524621965656766,1.175462973819301,0.9811411867696664,0.9418898678366033,1.0065919685390046,0.9162402828679279,1.000443236002689,0.9981660748767013,0.9846886580814589,1.0229244201352452,1.0262652354056725,0.8247775969698404,1.0068323972581799,1.0546999410499518,1.0295097582238668,0.9580528142571708,1.043580410291409,0.9914842714922443,0.9613641964230256,0.9429062968370261,0.9866715691431154,0.9748287076650052,1.0072848667514194,0.9742781875127434,1.031288881091221,1.8069808021446274,1.026588598780904,0.9689795664004374,1.0479809202127504,1.028738421114235,0.9797502597109312,1.0596846874393344,0.9933210065143423,1.0439665853550362,0.9548671181043291,0.8926361402807721,1.3128427753626426,1.0356462674669342,0.9514724113320504,0.9511998838905801,1.0517298731775409,0.9155333592180611,0.8592095771479629,0.9661332779746118,0.9649358302163897,1.088921895290584,0.8556106927670216,0.9215330657511251,0.8969067897402448,0.9954198991227257,0.9769570620585831,1.1008492885387933,1.054516766613567,0.9638858718409842,1.0394058471715169,1.014123348602744,0.8757765402984503,1.000057274658317,1.3001074250537703,1.333275756364846,1.0509357376499344,0.8815722758692072,1.0975727878579944,1.0185304374509974,1.0821030040243687,1.0383670713661066,0.8275566312188174,1.0117098650981626,1.1786506932434142,0.9354556790168124,0.9851658332564214,1.0234884503819084,1.0861451883690956,0.9522897390158885,1.0691890407082927,0.9207194894508037,0.9946202825206026,0.9594184526038914,0.9664902216922824,1.0058075317439135,1.0095815179152152,0.9906579273533326
Sample_48,Control,hFB14,2,25,100.29,Control,Normal,0.9242068951623269,1.0042834840967878,1.0231972764807222,0.9758343016563982,1.0281941960633416,0.804701232928323,1.0670695690411867,1.045511465371023,0.9413692627595218,0.9551285433311049,0.9939126277719426,0.8828276567666922,1.0901648879190924,0.9662448329296283,1.0086879276312057,1.0336387689231854,1.0489225421779271,1.0010050328743236,0.8925065101906335,0.8886942968299605,0.9099005476421717,0.9252193583874001,0.9536715166817866,1.0085809616163182,1.016946567416286,0.9634074014809995,1.0701331239963126,0.9717217332091393,0.6367575149709707,1.115255295003667,0.9354876610150504,1.034104586681873,0.9549576369248334,0.8967258459671118,0.9689571578475333,1.0331934524173951,1.0014890806754408,0.9169930609500696,1.0265571507542763,0.9785767191248322,0.9293938729419366,0.963852849913336,1.2653705068172927,1.0196553431448852,1.0497127652432736,0.9632458592301362,0.9959487576835049,1.0026855144124145,1.0020715921849788,1.0179744219940363,1.0417784824415572,1.022209435752788,1.0635514512714666,1.015419697657628,1.0678244731970057,0.7390658756901523,1.0361068271631688,1.0613991337889244,1.1346875049262148,0.9662455939309558,1.061598497702045,0.9706219521604593,1.0915952359268895,0.973823621871783,0.7357707856070524,0.9011060991385319,0.9628375308124267,1.0923929029335986,1.196288853951257,1.0248437155732937,0.9427578981090304,0.96580172770759,0.9483563390664642,1.0287704415527357,1.0047008300769176,0.9883336258585163,1.021316524718828,1.000749392670465,0.7730870727139603,0.9866126642831968,1.0657941116236,1.018199622108993,0.9324679869829564,1.0797416881078683,0.899533924986316,0.923132291216426,0.9330686637496022,0.8995142904210877,0.9938959772551396,0.9938860790925755,0.993814231315836,1.0157358387885038,1.843658412840218,1.0416144023430223,0.9644256943233789,1.0413602689882833,0.9407373264729202,0.9711360943191694,1.0152568762301144,0.9757787599884922,1.007160951528199,0.9369083107881504,0.946461022963493,1.373974559412801,0.9814908713722417,0.9958846604041817,0.9119960910319571,1.0368271898866526,0.9512526753983876,0.9155327807358071,0.9316503913819869,0.9459019975190041,1.1033925150182329,0.8826921648160245,0.9552543255671576,1.002848746138303,0.9882600732130612,0.9739595353218816,1.087304505091213,1.0710526666584799,0.9595033146623878,1.028977939543647,1.029940822591646,0.8619249567703496,0.9646720870141626,1.255647319871856,1.3140569475023542,0.9945746559447453,0.885577917655939,1.0801876493697726,1.0180227025610922,1.043539978906129,1.013775985941509,0.8921773041683213,1.0516537279093636,1.0899593138071857,0.9598395339769253,1.0093295464568293,1.0316367154059658,1.0929671031227743,0.9794264702339546,1.0322880922935123,0.949018263185078,0.9692452109399055,0.9783920501989601,1.1439165325357743,1.023257661761309,1.0251232913768014,1.01364298636061
Sample_49,Control,hFB14,2,31,140.38,Control,Normal,1.0065496564057568,0.8199193182610496,0.9308751674863109,1.04467365076931,1.0243463272140845,0.9537530370581867,1.1159425075544112,1.0829083154732078,0.9744854788336171,1.10608783392276,0.9275121429453896,0.8727394241625626,1.079816897435691,1.0482117211615893,1.0083316958119817,1.079726670434452,1.1664886984466398,1.0406959586186963,0.8362777350080196,0.9113633399431313,0.9549855431685678,0.8922091844663507,0.9138347113897344,0.8534430018769704,0.8831227850360948,0.8245871989454941,0.8399475602716548,1.0549430111539824,1.0627514728008896,1.0798540996696369,1.0348252993473042,1.0921581222418189,1.1044544975287958,0.8795916105316003,1.048902633949428,1.078452939493382,1.0419668003906597,0.8316679209542513,0.6700137102712106,0.9230402731534009,0.8798413245662972,1.04987041887877,1.4925505029481412,1.1073291907860243,1.0662035323236947,1.0473227512880594,0.9308162734424552,1.1392065997630951,1.076234474862341,1.0983704790571076,0.939619763808681,0.993450878825948,1.0298283703084807,0.9123487215381252,0.7649681515818045,0.6823839751884397,1.017482631811144,1.0280249392963479,1.0668320302704724,1.0266090130012575,1.1112882153577948,0.9403782373904478,1.1292865148744844,0.9799167512319888,1.176764275782902,0.8809207934407164,0.8888287029200663,0.9859916606071925,1.0004367602387099,1.0154708951793676,0.9223714547531936,1.0052400193479345,0.8736909740701514,0.964081533093147,1.106644697742581,1.1171108398676888,0.9980329668431206,1.0258139859720001,0.8679258514742306,0.9950296654758573,1.0129488537921894,1.0057917226353899,1.0515487958364376,1.055264019469818,1.0354136062068835,0.9548073704889408,0.9031634996821646,1.057494404005687,1.0820171818402973,1.0123753530693647,1.0831162319722374,1.0156698508724062,1.2308548439939813,1.0133858502735344,0.9532939814493424,0.8363702934311856,0.7958079102000177,0.960819421061105,0.9121735358444862,1.0008371989005707,0.9426232180867768,0.9873722069074605,0.9768033543696579,1.725452687525661,1.0182440278713754,1.0766230496633868,0.9379553503829594,1.0899410855185225,0.9128668285839495,0.8870979889984952,0.9519432952623424,0.9584746176158951,1.0494916982360054,0.8637582462977472,0.864269557100965,0.9779806495149156,0.9342583049668683,0.978942086730364,1.211240358798639,1.1207162377875988,0.9737682073127452,0.9986131473003088,0.9953530989437832,0.9539386761156221,0.9496660149542038,1.3111012759397491,1.7136877163613442,1.0966215630298901,0.8469971798776457,1.1808534658630814,1.010736116226368,1.225700190296038,0.9832784197602749,0.7666265301331334,1.0228106432969062,1.0247120212206602,0.925437223767219,1.031227434690466,0.9921459158104611,0.9630349063830327,0.9511080582444497,1.085832957475341,0.9331823132590397,0.8783307857130256,0.9893761437690417,1.1743830316294184,1.0257915637355068,1.030752205141038,1.0234202607158376
